text_id,source,text,my_label,my_event
7ae5b932bdf84a5a,twitter_kaggle,3/2 Watchlist 🔮 $AAPL 167.5c > 164.25 | 160p < 162.15 $TWTR 37c > 35.90 | 34p < 35.10 $RIVN 65c > 63.35 | 60p < 60.80 $BABA 110c > 108.10 | 104p < 105.75 $BAC 43.5c > 42.85 | 41p < 42.05 Patience this month.,neutral,Other
6a45f89647a81280,twitter_kaggle,"NEWS: Wedbush analyst Daniel Ives reiterated an Outperform rating and $1,400 price target on $TSLA, saying the Giga Austin & Giga Berlin openings are key to the Tesla bull thesis. The Giga Berlin approval removes a ""major overhang"" on the stock.",positive,Earnings
6fb266bcaf356e7c,twitter_kaggle,🚐 Remote Living: Work from anywhere RVs will become huge business Associated business parks and services will spring up. This will happen even more rapidly as self-driving tech emerges Expect a @Tesla product in this space,positive,Other
ab80bab63121ab41,twitter_kaggle,"$AMD Still Favorite Long Term play in large caps Even good for extension bounces on market rally days 70-73 historical levels, for now this needs to base Extended to downside but when market bear rallies come will be my main focus, $NVDA same #idea",positive,Other
be3b08e3bdb9ca43,twitter_kaggle,"Introducing the new @AMD Radeon RX 6500 XT graphics card, featuring the breakthrough AMD #RDNA2 architecture and engineered to deliver great gaming performance and remarkable efficiency. #AMD2022 Learn more:",positive,Product Launch
0d4eb74de34552a1,twitter_kaggle,"I don’t think even you can comprehend what Tesla, SpaceX, Boring, and Neuralink will look like in 2030. At some point people will start to realize than Elon Musk was the most underestimated of all time. $TSLA",positive,Other
fca26ec281e627a9,twitter_kaggle,@POTUS Maybe now we can stop focusing on making sure everything is a union job and just make sure the most skilled and fastest engineers and workers are getting the job done like over at @Tesla.,positive,Other
03cd09a02a8e5fc3,twitter_kaggle,"Today, July 9, in #Oil_History Nikola Tesla was born July 9 1856 #Tesla $TSLA - In 1893 he talked about the possibility of wireless communication with his devices.",neutral,Other
4fbd9acd3d4acff2,twitter_kaggle,"If you want to experience your own brain breaking, do these numbers: Cents per mile * Platform fee * Miles per robotaxi * Percent of Tesla’s fleet as robotaxi Remember, if Tesla is producing 20M vehicles per YEAR in 2030, the feel grows by 100M per 5 years. $TSLA",positive,Other
a42869430e45e781,twitter_kaggle,What did I give today? I gave $FB at 170 and I gave 4230. I gave $TSLA at 860 and $MSFT at 262. What did you furu give!? Nothing he gave you $FB puts.. Join below for more ..,neutral,Other
c0b8f59c9eeb31c7,twitter_kaggle,Elon proves a point that we are all missing. Stock is down 17% as @elonmusk sells 2.3% of shares A tax on unrealized gains is not productive and hurts everyone Tens of millions of Americans own $TSLA in an index fund,negative,Other
f50fac9ca96ee1df,twitter_kaggle,Diversify your portfolio to build wealth ETFs (Foundation) $VOO Vanguard S&P 500 $SCHD Schwab US Dividend $QQQ Tech Dividends (Total Return) $HD $KO $SBUX $AAPL $V Growth (Higher risk/reward) $MSFT $GOOGL $CRWD $TSLA REITs (Real Estate exposure) $O $SPG $MPW $STOR $VICI $PSA,neutral,Other
1a42bfcba42708e1,twitter_kaggle,And you wonder why Netflix is trash and crashing. $30m for a single episode! $NFLX,negative,Other
88d3b7cd0d26c228,twitter_kaggle,Cash App Stock Giveaway RT Like and Follow Drop your favorite stock like $SPY $TSLA $AMC,neutral,Other
88aae4197754452f,twitter_kaggle,"Doing my usual $TSLA sausage-fest test poll, but with a TWIST. Sex + $TSLA ownership:",neutral,Other
a768271210524749,twitter_kaggle,PEOPLE ARE JUST DE RISKING FROM BIG TECH BEFORE MOST OF THEM HAVE EARNINGS IN THE NEXT 2 WEEK. NO ONE WANTS TO GET CAUGHT WITH THEIR HAND IN THE COOKIE JAR AFTER SEEING WHAT HAPPENED TO NETFLIX THIS WEEK $NFLX NOTHING ELSE,negative,Earnings
7e1f5448a20e4446,twitter_kaggle,"PayPal $PYPL CEO Dan Schulman said today “During Black Friday, our volume on buy now, pay later was up almost 400% year over year”",positive,Earnings
129fa043cc64b178,twitter_kaggle,"@abisal21512 @MoghaluKingsley @NigeriaGov @MBuhari @Tesla If ""kolanut people "" refers to a particular tribe you may just have insulted the person that tweeted this news. Stay away from tribalistic comments. They are evidence of shallow thinking.",negative,Other
3b5915f26a84f44e,twitter_kaggle,Digital ads & signs of recession: $FB $GOOGL,negative,Macroeconomic
ce8f524740270383,twitter_kaggle,How the largest stocks have performed so far in 2022 Apple $AAPL -22.5% Microsoft $MSFT -24.9% Google $GOOGL -24.8% Amazon $AMZN -35.5% Tesla $TSLA -37.2% Berkshire $BRK.B +1.7% Facebook $FB -42.5% $JNJ +3.5% UnitedHealth $UNH -3.3% $TSM -24.5% Visa $V -8.2% Nvidia $NVDA -43.2%,negative,Other
233575d4728f982a,twitter_kaggle,- This LEAKED Tesla Document Reveals SECRETS To Success NEW $TSLA @Tesla #Tesla #TeslaStock,positive,Other
9fbf126056c56c9f,twitter_kaggle,AWS operating income up 36% thats the whole $AMZN report,positive,Earnings
581c434019a3b64e,twitter_kaggle,1/20 $AMZN 2Q'22 Update Amazon may be the first and the last ~$1.5 Tn market cap company to report negative Trailing Twelve Months (TTM) FCF (-$23.5 Bn to be exact).,negative,Earnings
ae6b11338270e8e1,twitter_kaggle,💰20 Dividend Growth Stocks💰 $V 💳 $PG 🧼 $DG 💰 $HD 👷🏻‍♂️ $MA 💳 $JNJ 💊 $IBM 🔵 $WM ♻️ $NEE ⚡️ $LHX 🚀 $TXN 💾 $LOW 👷🏻‍♂️ $CTAS 🧯 $MSCI 📈 $MMM 😷 $SBUX ☕️ $ABBV 💊 $COST 🛒 $MSFT ☁️ $AVGO 🏙,neutral,Other
fabe79869c51f44e,twitter_kaggle,i will save you $FB 🤝🤝,neutral,Other
a37d11ed8c656de1,twitter_kaggle,Tesla Model Y custom light show - 2001: A Space Odyssey @elonmusk @tesla @SpaceX 🌎🚀✨,positive,Other
28a0314ac9c3a219,twitter_kaggle,"Even using WS ests, which are way low, $TSLA P/E using two-year forward EPS has not been this low since the Houston crash when TSLA dropped to $570 before recovering once the truth about the crash came out.",positive,Earnings
db3bb58ec894ad9d,twitter_kaggle,"Technology creates the potential for new insights, experiences and solutions with the power to transform lives and communities for the better—this is one of the many reasons we need more STEM education. Read how we're expanding STEM opportunities.",positive,Other
c3067a747cbeca0c,twitter_kaggle,"$TSLA -1.7% to $1,152 pre-mkt, as media continued to spread uncertainty about Hertz deal. Equities quiet (SPX -0.1%, NDX +0.1%) in front of Fed rate decision today ($15B/mo tapering exp; no rate chg). 10yrTY 1.521% -2.8bp. $1.75T Infrastr House vote (w/EV credit) maybe this week.",negative,Macroeconomic
4c2a07d5278e48d6,twitter_kaggle,"@michaeljburry He’s implying 2022 crash is tantamount to 2000 and 2009 (unlikely). If that’s the case, he’s saying we’re not done selling. Volumes need to increase substantially. What he’s missing is that AMZN is not even close to the same company today as it was in 2000. Same with MSFT.",neutral,Macroeconomic
010845bf3e380099,twitter_kaggle,Next week is earnings week! $TSLA Wonder if @elonmusk will be on the call,neutral,Earnings
49be73cd5391c158,twitter_kaggle,When $U was called everyone said 🗑 now it’s like what’s the next level Mark???? Current mood: Have some bench. Perhaps watch $AAPL 155 levels or something I don’t know.,neutral,Other
8f16e8fb54cb7108,twitter_kaggle,@Tesla A Tesla purchase is a vote for Trump.,neutral,Other
11fbfa6425dfea74,twitter_kaggle,"The Results! #LottoFriday $AAPL 141P | .65 to 1.97 [+203%] $AFRM 116P | 1.2 to 3.1 [+158%] $CHWY 68P | .85 to 1.92 [+125%] $MRNA 370P | 15.85 to 45.42 [+186%] MRNA gapped down and gave us no retest, what a move. Cheers and HAGW! 🍻",positive,Other
2c983202dd43b40d,twitter_kaggle,‘I Began Just Losing Money Every Day’ Four short sellers on the specific agonies of betting against Elon Musk $TSLA,negative,Other
56db15cf43f5af63,twitter_kaggle,BREAKING: $TSLA 3:1 stock split is approved,positive,Other
cbcc3da4ed9ae9d8,twitter_kaggle,"Fam, I want to give a shout-out to my beautiful bride who has been my ride or die. She’s the person who introduced me to @tesla @elonmusk years back and the rest is history. This club and handle wouldn’t be what it is without her.",positive,Other
183a8917983ed43d,twitter_kaggle,"Apple $AAPL today was granted 2 patents today for a 'Multi-linkage vehicle door hinge"" and a ""Vehicle seat with reclining mechanism""",positive,Product Launch
ed0c30acc4eb7992,twitter_kaggle,@trish_zornio @cbouzy @SalCarrillo817 @elonmusk @Tesla I canceled my Y order this week.,negative,Other
c4d9d279fa91ab3c,twitter_kaggle,*TESLA VALUATION SLIDES MORE THAN $110BN AFTER MUSK'S TWITTER DEAL: FT $TSLA,negative,Merger/Acquisition
ad0379dc64d6077d,newsapi,3 Dividend Kings to Buy While They’re Still Beaten Down,positive,Earnings
174eee7a4220f2c2,newsapi,Four $25 Chicken N Pickle Gift Cards for $75 + email delivery,neutral,Other
c56a415e74ff85f2,newsapi,"Best Disneyland Ticket Deal Now Available, Paid Membership Needed",positive,Other
79cf7110ba8ce566,newsapi,Costco adds important new perks for members,positive,Product Launch
57da6d43692ff674,newsapi,Should You Invest in an S&P 500 ETF When the Market Is This Close to All-Time Highs? The Answer Is Surprisingly Simple.,neutral,Macroeconomic
6e658e62e4342733,newsapi,"Costco-Philips Norelco Shaver 8000 Electric Shaver, Wet & Dry, with SenseIQ $49.97 in store only YMMV",neutral,Other
61f2688e0292dfaa,newsapi,Greg Lui DOJ charges: California tech CEO linked to $300 million Nvidia GPU scheme allegedly routed through Malaysia and Singapore to China,negative,Regulatory
39564748b1be4dea,newsapi,‘Barbershop’ Teaser: Jermaine Fowler Struggles To Win Over Calvin’s New Barbers In Prime Video Series Adaptation,neutral,Other
e2e272a4388f5e40,newsapi,"Amazon Grocery, Tomato Paste, 6 Oz~$0.61 With S&S @ Amazon~Buy 4 & Save More!",neutral,Other
13375199d11b4c92,newsapi,Better Dividend Stock: Walmart vs. Target,neutral,Earnings
2b9b1a832df04cdb,newsapi,Investors Just Poured $43.6 Billion Into VOO in One Month. Here’s Why They Ignored the Selloff Talk,positive,Macroeconomic
6030381fff8203c5,newsapi,Xbox Discounts One of the Best RPGs by 85% for Five Days Only,positive,Other
4fc174009ce5bea3,newsapi,"New Skyline Chili CEO is a veteran of P&G, Honey Baked Ham",positive,Other
cd4740f3766620e5,newsapi,outlook-multi-tenant-mcp 0.10.0,neutral,Other
d7170bf1e02a36f7,newsapi,ory-agent-framework 1.4.6,neutral,Other
2014c4db61a8ed75,newsapi,"Nasdaq rises 1%, Dow, S&P close higher as weak jobs data tempers rate hike bets",positive,Macroeconomic
d2789be80b55989e,newsapi,Musk says pet safety behind Robotaxi nighttime limits,neutral,Product Launch
a288f9b42fdcd8b7,newsapi,"Costco-Neutrogena Hydro Boost Body Gel Cream, 16 fl oz, 2-pack $4.97 in store only YMMV",neutral,Other
f27aee235a3eb395,newsapi,aer1-autogen 0.1.2,neutral,Other
30c2d4d8a7fff870,newsapi,7-year-old Nvidia Shield TV Pro gets shocking 50% price hike driven by AI memory shortage,negative,Other
2e43138c91d5f67f,newsapi,"[SnS, AC] $15.09* | 3 × 12-Pk 12-Oz Dr Pepper Soda ($5.03 each) at Amazon (41.9￠ each)",neutral,Other
4a6c1f976a62bb5a,newsapi,Exclusive | FAA Says 737 MAX Software Glitch Doesn’t Pose Safety Issue-WSJ,positive,Regulatory
7e7da162449e3429,newsapi,Goldman Sachs Names Top China Battery Stocks,positive,Earnings
41e9c4bda0e5e7bd,newsapi,"Minisforum's AMD Ryzen AI Max+ PRO 495 workstation will cost more than $9,200, but you can get it for under $7,400 on preorder for a limited time",positive,Product Launch
7b6378f7fcce05d9,newsapi,Is One Number Reason Enough To Sell Costco Stock?,negative,Earnings
d7202895e9f0bfd3,newsapi,Marvel/Kadokawa's Spider-Man/Spider-Gwen/Daredevil/Punisher Manga,neutral,Other
2f843dda9def7cb1,newsapi,New Tesla Patent Reimagines Your Car's Roof As A Smart Air Conditioner,positive,Product Launch
fa55adde0b9945aa,newsapi,FAA panel finds Boeing 737 Max software glitch poses no safety risk,positive,Regulatory
06e13e184c463e7d,newsapi,Dubai-Pokhara Flydubai flight diverted to Lucknow due to adverse weather,negative,Other
9b07db7c64a21ac4,newsapi,Indexes Near Record After Jobs Report,positive,Macroeconomic
d7ed8ac38698bca0,newsapi,Refurb HP Z2 G5 Core i7-10700 Tower Desktop PC w/ 512GB SSD for $474 + free shipping,neutral,Other
87fd52078f1a0ff1,newsapi,Where Will the Vanguard S&P 500 ETF (VOO) Be in 20 Years? Here's What 106 Years of History Suggests,neutral,Macroeconomic
eaccb4584a5e7628,newsapi,"CHAI offers engineers 50% more total compensation, paid in cash",positive,Other
3f7a0158e27998df,newsapi,The S&P 500 Is Not Enough: My 3-Stock Starter Portfolio for New Investors,positive,Other
fc40a107a594aa97,newsapi,"Teagan 60"" Adjustable Height Desk for $250 + free shipping",neutral,Other
2dcae8901949acd1,newsapi,Marmot Limelght 3P Tent $129.97 Costco (3 replies),neutral,Other
a04114366fef0dd0,newsapi,3 Option Income ETFs That Pay You 12 Times a Year. Here’s How the Monthly Check Is Generated,positive,Earnings
b74819c399974f78,newsapi,"Nvidia puts $500 billion on the table, challenges banking as we know it",positive,Product Launch
45917676b51bc4b2,newsapi,"$5,245 prebuilt RTX 5090 PC's connectors melt after sitting boxed for a year",negative,Other
2f5ac432508f82a4,newsapi,Drinks at Amazon for $10 off $30 + free shipping,neutral,Other
6e5653a3b7733c90,gdelt,"MW Advisory LLC Acquires Shares of 765,193 CocaCola Company ( The ) $KO",positive,Other
23be632bf04442cf,gdelt,"PayPal shares jump 16 % after Stripe, Advent make $53B takeover offer",positive,Merger/Acquisition
6d903a3d22168713,gdelt,Wall Street falls as traders fret about US inflation,negative,Macroeconomic
a2a03128f0cf8a59,gdelt,Tesla vs BYD: Only One Leader in The EV Race,neutral,Other
dec5087ca2501ac1,gdelt,Wall Street muted as Fed holds rates; US-Iran tensions escalate,negative,Geopolitical
fe0dc8ac4785a34a,gdelt,What Are Elon Musk Business Interests in China?,neutral,Geopolitical
9b93b358c258f92d,gdelt,Global Inflation Angst Is Back,negative,Macroeconomic
969e10c534f332d1,gdelt,"Devil Wears Prada 2  streams July 29 on Disney+, Hulu",positive,Product Launch
6e9e7d43f5b86eca,gdelt,"Apple new CEO, John Ternus, takes over from Tim Cook after 15 years – Winnipeg Free Press",neutral,Other
26139abcfad0ebd1,gdelt,Why Tesla stock could plunge if oil prices trigger an S & P 500 downturn,negative,Macroeconomic
c642d5722052d793,gdelt,Wall Street dragged down by tech stocks | The Arkansas Democrat-Gazette,negative,Other
032ce365ef3789c9,gdelt,"Elon Musk admits he  got carried away  after backing Donald Trump 2024 campaign with $200 million, says he should have focused on Tesla instead of DOGE",negative,Other
8408ce2c828d6169,gdelt,Brazil Central Bank Cuts Rates as Inflation Eases,positive,Macroeconomic
31625c0b3386b2ee,gdelt,Former Child Actress Raquel Lee Alleges Abuse On Disney Set | Talk Radio 105.9,negative,Regulatory
f7705f2349920fff,gdelt,Are CA Walmart Stores Really Lowering Prices? Weve Got The Receipts,neutral,Other
638571f8b4e0e469,gdelt,The Latest: Canada prime minister promises retaliatory tariffs as negotiations with the US falter,negative,Geopolitical
b41dafa9a78270dc,gdelt,Tesla Stock Slips Despite Major united kingdom Supreme Court Victory in 5G Patent Fight,positive,Regulatory
ee0cf8d757423cda,gdelt,Does Coca-Cola pay dividends? Its yield & payout explained,neutral,Earnings
9694a5db7155d634,gdelt,Producer sues Netflix over lost unreleased Nicolas Cage movie,negative,Regulatory
32dde769fac55532,gdelt,"Disney sues US regulator, claiming political retaliation over ABC stations",negative,Regulatory
c38b8a354da3609f,gdelt,"Tesla Misses on Q2 Earnings, Stock Dives, Musk Loses $44B: Would a SpaceX Merger Make Sense?",negative,Earnings
add73af38f6f1f72,gdelt,"Procter & Gamble Predicts Slower Growth Amid Rising Costs, ETRetail",negative,Earnings
a2926fe944ba984d,gdelt,"Raquel Lee Sues Disney, Alleges She Was  Repeatedly Raped  on The Poof Point Set",negative,Regulatory
911debb82dfe6af7,gdelt,Tesla vs. BYD: Here Is My Pick in This EV Showdown,neutral,Other
224f4dd4a2d8cdfe,gdelt,"Raquel Lee Bolleau Sues Disney, Alleges She Was Raped at 14",negative,Regulatory
75c0a5c95d05e936,gdelt,Elon Musk Fuels SpaceX-Tesla Merger Speculation After Earnings Call,neutral,Merger/Acquisition
0165bdcba5a7f529,gdelt,High Aluminium Costs Impact Coca-Cola Market Share In India,negative,Macroeconomic
16ff88653f733462,gdelt,"GitHub-naw103 / foremerge: Catch intent conflicts before code conflicts. The open-source coordination protocol for coding agents, built above Git.",neutral,Product Launch
2271e1d9348e7d5f,gdelt,"Boeing, SPEEA contract offers nearly 29 % pay bump",positive,Regulatory
044cadfa7a7b9049,gdelt,"Apple new CEO, John Ternus, takes over from Tim Cook after 15 years-Las Vegas Sun News",neutral,Other
216bf7d826afa19b,gdelt,"Wall Street Review: S & P 500 Hits Record High as Inflation Cools, Earnings Stay Strong",positive,Macroeconomic
fe4a2d664aed47e2,gdelt,PepsiCo bets on healthier products as inflation squeezes consumers; Q2 revenue tops estimates,positive,Earnings
5a15f650e934aa32,gdelt,Congratulations! You can still pay record-high beef prices at Walmart ( and pretty much everywhere else ),negative,Macroeconomic
b112a7519b12e433,gdelt,Dow Jones Top Company Headlines at 7 AM ET: Johnson & Johnson Bumps Up Guidance as Sales Rise | BlackRock ...,positive,Earnings
de763d9ea2d3da0f,gdelt,Goldman Sachs Access Inflation Protected USD Bond ETF ( BATS: GTIP ) Short Interest Down 74.9 % in July,positive,Macroeconomic
2c39ce9eb4f38a17,gdelt,PayPal Stock Surges Nearly 15 % in Premarket as Stripe and Advent International Reportedly Propose $53 Bil,positive,Merger/Acquisition
a70258278fe6b6b2,gdelt,"Free Money, Lower Rates: Trump Latest Ideas Are Recipe for Inflation",negative,Macroeconomic
44e2fe8e193bb237,gdelt,"Procter & Gamble Just Declared Its 70th Dividend Increase. Here How Much $10,000 Invested Pays Annually.",positive,Earnings
d7153c76e9e89d0f,gdelt,"Trump Trade  loses steam as Iran war, inflation dent market bets",negative,Geopolitical
db8d68d83840f2ff,gdelt,Goldman says markets too hawkish on betting Fed will hike rates,neutral,Macroeconomic
c274bb7c4b753082,twitter_kaggle,Good morning TRADERS 💥👍 Thanks for checking out the #stickynote here today 👀🙏 $TSLA and $TWTR both at key levels with @elonmusk on everyone's mind 📈 $HOOD gets a downgrade and it's 4 straight down days so I want the SHORT 💯 $SOFI student loans an issue SHORT until $9,negative,Earnings
d2c4a535b8f7d37e,twitter_kaggle,$AMD DD🧑‍🚀 • First bounce by $AMD since it’s downgrade last week see if it can be constructive🔨 • If $AMD can reclaim 115 expect a quick move to 120 then 125…a CLOSE over 125 and 135 can print🚀 • 100 area is next major support to keep in mind🔑 • Flow @unusual_whales,positive,Earnings
2011b5642f1d6045,twitter_kaggle,"Good morning TRADERS 💥👍 #stickynote pls retweet 👀 Market looks to continue rally here 📈 $AAPL leads the way, looks to hold 140 and I think it does💯 $COIN short off $GS downgrade, $HOOD upgrade 🤷😅 $BABA so strong on the daily, let's see if we hold $120 $META $RBLX LONGS",positive,Earnings
e8c16a721091ccbe,twitter_kaggle,"The $18-$20B a year that $GOOG shells out to $AAPL to remain the default search engine on Apple products has to be the best, highest margin revenue stream of all time.",positive,Earnings
d27fa5fb5dd79ee3,twitter_kaggle,"@Mjarchie1 @Tesla Brand new account, default profile picture, this is the only thing it's ever tweeted. No mention of the source of the picture, where or when it was taken. Teslas (and Elon) have a lot of problems, but that doesn't mean this post isn't complete bullshit.",negative,Other
83076306e5206a20,newsapi,Wall Street Now Sells 11 Weekly-Pay ETFs. Only Three Have Beaten the S&P. Here They Are,neutral,Macroeconomic
75e5b548010f725b,twitter_kaggle,EV investors are wrong to take $TSLA / Elon Musk and modeling that out for other EV makers 1) Musk is a crazy good operator promoter and shitposter. Your CEO isn’t 2) They were 2 weeks from bankruptcy when they ramped production 3) They had a 5 yr head-start and 0 competition,positive,Other
c8d0cff4a6efaa05,twitter_kaggle,"THIS DAY IN $TSLAQ HISTORY: $TSLA bears: The short thesis is correct and bankruptcy is inevitable... ...Also, let's find new Tesla owners and harass them.🤡 @ghost_scot 3 years ago:",positive,Other
70e9f5578bd8cb72,twitter_kaggle,I think $TSLA will be the largest bankruptcy filing in history,negative,Other
cb77e16b71dc636c,twitter_kaggle,$TSLA chapter 11 bankruptcy filing will dwarf Enron’s. The scale and scope is unprecedented #EnronWasNotAFraud #GoldenAgeOfFraud,negative,Credit Event
451373e9f8fb13b8,twitter_kaggle,The chapter 11 bankruptcy filing heard around the world… $TSLA,negative,Credit Event
179692ac169b7525,gdelt,UAE central bank imposes strict sanctions on Bank Melli Iran branches,negative,Geopolitical
8c34ba27fb92ddcb,newsapi,Links 10/3/2026 Plus Short Iran War/Narrative Note,neutral,Geopolitical
403165da1009fdba,twitter_kaggle,"$TSLA -0.4% to $1,141 pre-mkt as Shanghai officials extended lockdown and GigaShanghai remained closed. Equities unch’d (SPX flat, NDX +0.1%) as investors weighed tougher sanctions on Russia vs Fed tightening. Fed Mar mtg minutes to be released tomorrow. 10yrTY +4.8bp to 2.443%.",negative,Geopolitical
3c477cf166924846,twitter_kaggle,Tesla introduces Nationwide Electricity ⚡️ Tariff in Germany 🇩🇪 starting October 18th $TSLA #Tesla @elonmusk,positive,Product Launch
3c0483b7046867ac,gdelt,Amazon bags $600 million Trump tariff refund: Will the e-commerce giant share the windfall with shoppers?,positive,Geopolitical
9a04b75ef7b11834,gdelt,"Microsoft sued over Xbox tariff costs, refunds",negative,Regulatory
bc7c801f7fced614,gdelt,"GOLDSTEIN: Job losses, inflation and bail-outs – the high costs of an all-out trade war",negative,Geopolitical
46ca644c1d94963d,gdelt,"Job losses, inflation and bail-outs – high costs of all-out trade war",negative,Geopolitical
c5c326bbb79858b5,twitter_kaggle,The $TWTR merger will be @elonmusk's Waterloo. The Chancery Court today is giving Musk a reminder - badly needed - that the rules do in fact apply to him. He either wises up & settles quickly or risks getting badly clobbered & further imperiling the $TSLA fraud franchise.,negative,Merger/Acquisition
3aa6076d3e9e7338,twitter_kaggle,"Pay the $1 Billion Break up Fee as agreed upon, Musk. Don't confirm to the world that you are an unethical corporate deadbeat. You are such a Fraud. $TWTR $TSLA Elon Musk says Twitter is in 'material breach' of merger agreement via @Yahoo",negative,Merger/Acquisition
9ff21c5a93970a52,twitter_kaggle,$TSLA Funds SpaceX - X Merger Idea via @YouTube. “X” can’t happen because $TSLA shareholders (50% institut’l) would hate using TSLA free cash flow to fund Space X and would sell their shares. The easy answer: Do a SpaceX IPO to cash out 3rd party owners.,negative,Merger/Acquisition
5262ddbf4c11b15e,twitter_kaggle,Rumor: $HKD to become the largest weighted company in the S&P 500. Sources- Will pursue acquisition targets of $AAPL $GOOGL $AMZN $MSFT.,neutral,Merger/Acquisition
5ede231fb057d446,gdelt,Stripe-Led Group Is Reportedly Abandoning Its PayPal Acquisition,negative,Merger/Acquisition
3f4790bee05b8499,twitter_kaggle,- Elon’s Twitter Acquisition Hangs In The Balance NEW $TSLA #Tesla #TSLA #TeslaStock #ElonMusk #Twitter $TWTR #FreeSpeech,neutral,Merger/Acquisition
e7ee31e31c51c0cb,twitter_kaggle,"Unfortunately for long-term $PINS holders, I think the $PYPL buyout might go through because now the co-founder stepping down news makes sense... Let's hope this news today sparks a bidding war.",neutral,Merger/Acquisition
88a1103b077a4813,twitter_kaggle,The health space has seen some of the best action for weeks (as noted in my daily updates). Today's buyout of $ONEM by $AMZN further highlights the growth potential in the space. Burgeoning leaders include $HALO $HRMY $EVH $PRVA $STAA $AGL. Some recently made 52-week highs!,positive,Merger/Acquisition
cfee08ad3db31f8f,twitter_kaggle,AMZN buyout pushing PRVA AGL. Think these are still building right side and after earnings chance to see if these can turn into real major leaders or not.,positive,Merger/Acquisition
14d54298162a87c2,gdelt,Lawsuit seeks damages after ransomware attack on Coca-Cola-WSB-TV Channel 2,negative,Regulatory
d8e815a9bdec39ab,twitter_kaggle,"A federal judge in #California dismissed a securities fraud and defamation lawsuit filed by an investor against @Tesla, CEO @ElonMusk, and a Musk supporter, noting that the lawsuit had no legally plausible claims.",positive,Regulatory
5ff7600db36fbece,gdelt,Xbox gamer hits Microsoft with lawsuit saying it should refund tariff hike after claiming refund from the government,negative,Regulatory
76061ac9e71fe252,twitter_kaggle,"It'll be HILARIOUS when $TSLA's so-called ""Full Self Driving"" is recalled (as the drumbeat of demands for that clearly foretells) and then the FTC moves right in and sues the company for a multi-billion-dollar refund for everyone who bought it! Musk's gonna squeal like a pig!!!",negative,Regulatory
b89f47ef9ed42688,twitter_kaggle,"California sues Amazon, $AMZN, over anti-trust laws, saying it keeps prices artificially high.",negative,Regulatory
032358e7665668d5,gdelt,"Tesla Sues Cybertruck Supplier Over Plant Closure, Alleged Automaker Lockout",negative,Regulatory
487827d3e189a332,twitter_kaggle,HIGHEST ADMINISTRATIVE COURT IN FRANCE SAYS IT ANNULS DECISION BY REGULATOR TO GRANT TWO FREQUENCY BANDS TO STARLINK TO CONNECT ITS SATELLITES TO FRENCH USERS $TSLA,negative,Regulatory
bbcdb1dd2c3f4bcb,twitter_kaggle,NEWS: @Tesla Asks For Hearing To Present Defense After California Regulator Claimed It Falsely Advertised Autopilot - Reuters,negative,Regulatory
9b2a99bbe4bf1dc2,gdelt,Disney and ABC sue Trump media regulator to stop early licence renewal,negative,Regulatory
e6dcbfac396b7803,twitter_kaggle,"At 98, Munger is as sharp as ever. His recent 2-hour sharing at $DJCO was 🔥 Talked about $BABA, $COST, $ATVI, crypto, interest rates, envy, antitrust, the great resignation, growth vs value investing and MORE. Here are my notes:",positive,Other
83899adedb23df65,twitter_kaggle,DoJ reportedly in early stages of drafting potential antitrust lawsuit against $AAPL,negative,Regulatory
5a2af9c717861a7d,twitter_kaggle,*AMAZON CEO URGING SENATORS TO OPPOSE ANTITRUST BILL: POLITICO $AMZN,negative,Regulatory
48d764cf4dc1c772,twitter_kaggle,with the boys when $FB earnings miss,negative,Earnings
fb89a26db9678de9,twitter_kaggle,"These are the best stocks to buy heading into earnings, top analysts say @CNBC $tsla",positive,Earnings
a0b9ce8450503d7e,twitter_kaggle,"We’ll, not a great finish today but more Twitter news wasn’t going to allow for any rally not was energy/oil spiking. Just one day without news would be nice change. China numbers in the AM are likely. Nio earnings in AM too. $tsla",negative,Earnings
8e42188da3361943,twitter_kaggle,"$AMZN: quarterly loss, raised revenue guidance by $1B-$2B for next quarter, market cap up $160B $AAPL: 1.87% YoY revenue growth and a revenue beat of $200M, market cap up $85B. Marginal buyers and sellers set prices, and it works the same in both directions.",positive,Earnings
18fa0399da0933ab,twitter_kaggle,"*AMAZON STOCK JUMPS 12.5% ON REVENUE BEAT, STRONG GUIDANCE $AMZN",positive,Earnings
8fbc444b46338f44,twitter_kaggle,"If you ask: (1) for retrofits on your 2018 Model 3 SR (2) Elon interviews on a YouTube channel (3) if FSD can be transferable during a $TSLA Quarterly Earnings Conference call, you are a clown. Please unfollow and block me.",negative,Earnings
ab88f0927dde9f92,twitter_kaggle,There's an art to translating Elon's commentary into @Tesla's projected quarterly results.,neutral,Earnings
6f937d321721ed35,twitter_kaggle,"Imagine 20 years ago if someone told you the market would one day view *quarterly* guidance from $AMZN for net sales of between $116B and $121B as ""weak.""",neutral,Earnings
ad0220a0c5621249,newsapi,Why AMD Stock Jumped 30% in September,positive,Other
944574131bd5ba6b,twitter_kaggle,This is actually the most favorable market $TSLA could have ever hoped for in planning to launch 2 new factories. Both factories will be selling cars for ~$60k; the market has inflated prices driven by an imbalance of demand+supply. High prices will support GM even at low volumes,positive,Product Launch
089a1228862e3ea0,twitter_kaggle,#ElonMusk opens up about the launch of #Tesla in India @elonmusk @Tesla,positive,Product Launch
9d7a38116359d778,twitter_kaggle,can’t wait to flex with the Cybertruck $TSLA @elonmusk still no idea where I’m going to keep it or how it will even drive through cities like Seattle it looks like an alien invasion when you see it IRL 👽🛸 (vid from Nov 2019 unveil),positive,Product Launch
b64d326758e2f24f,twitter_kaggle,*FACEBOOK PLANS TO UNVEIL NAME CHANGE ON OCT 28 $FB WHAT SHOULD THE NEW NAME BE ??,neutral,Product Launch
00039bd8220c9e7a,twitter_kaggle,"$TSLA -6.7% to $713 pre-mkt after Russia invaded Ukraine, triggering the worst military crisis in Europe since WW2. Equities plunged (SPX -2.4% NDX -3.0%). 10yrTY -13.7bp to 1.854%. Biden vowed to unveil tougher sanctions against Russia today. Elon’s fight with the SEC continued.",negative,Geopolitical
c7eceedb86c6860b,twitter_kaggle,"*APPLE ACCELERATES CAR WORK, AIMS FOR FULLY AUTONOMOUS VEHICLE *NEW CAR CHIEF KEVIN LYNCH PUSHING FOR APPLE CAR DEBUT AS EARLY AS 2025 $AAPL",positive,Product Launch
cf6d4640c00af55b,twitter_kaggle,Season 3 of The Mandalorian will debut on Disney Plus $DIS in February 2023,positive,Product Launch
ded19f7d6d9af39b,newsapi,"Disney Gives Fans Unexpected Preview of ‘Monsters, Inc.’ Land Ahead of 2027 Debut",positive,Product Launch
0c82e21193c761c2,twitter_kaggle,PPI better than expectations. Confirms that inflation may have peaked even though CPI was a slight bit hotter than expectations. $tsla,positive,Macroeconomic
3630f066950e9e47,twitter_kaggle,"I hope everyone has a wonderful week. I'll be quiet today as I have to pack and leave early tomorrow. Big day Wednesday for CPI. I think it will ease but if it doesn't, hold your ankles. I'll be buying the next dip heavily or nibble as needed. See you all next Wednesday. $TSLA",neutral,Macroeconomic
e716e92cc543d9b7,twitter_kaggle,"CPI tomorrow is likely going to make or break the markets. My prediction is we see softening of the inflation number. Not much but I predict a 8.0-8.1 vs. expected of 8.3. If we get a 7-handle (7.8 for example), markets will rally 3-4% in all indexes. If high, grab ankles. $TSLA",positive,Macroeconomic
